Start Time,End Time,Transcription
0,2, СОФИЯ
30,"34,68"," Той беше обещал, че ще я сълбажда, че ще я търси, но просто изчезна."
"35,46","38,1"," Тя много страдаше, много плачеше."
39,"42,92"," Аз по някакъв начин исках да компенсирам неговата липса,"
"43,52","47,3"," затова си позволих да ѝ купувам всичко, каквото иска това да ѝ дам,"
"47,96","50,12", обаче с годините ми се качи на главата.
"51,12","54,04"," Отношенията между майка и дъщеря се влушават още повече,"
"54,4","56,38"," когато новият приятел на Лилияна, Теодор,"
"56,38","59,96", се нанася да живее при тях заедно с сина си Николай.
60,"65,16", Дори и най-дредната молба за помощ от страна на майката става повод за скандал.
"65,68","66,88", Тая няма да стане.
"67,14","72,02"," Ако мама смята да им оправя мизерите на тези навлици, Теодор и Николай, няма да го бъде."
"72,4","73,52", Не те не са ми никакви.
"73,56","75,8"," Аз съм си в моята къща и ще си правя това, което искам."
"76,22","79,38"," Направо се ужасих, като видях какво си позволява това момиченце."
"79,88","81,44", Върти майка си на малкият си пръс.
"82,32","85,84"," А най-лощото е, че Лили за всичко и се подчинява."
"85,84","91,3"," А аз ако бях на едно място, отдавна ще бях превъзпитал, но за сега не искам да се меся."
"92,06","96,36", Най-же веднъж Лили направила забележка да си ляга по-рано.
"96,82","99,8", И тя започна да замеря с обувки и Лили се скигва в друга стая.
"100,14","101,08", Това е пълен абсурдно.
"101,94","105,98", Заради поведението на Велина зачастяват и скандалите между Лилиана и Тодор.
"106,22","107,04", Това не е нормално.
"107,46","112,84"," Само и само Велина да не спадне в поредната истерия, майка й огажда и купува всичко."
"113,54","115,82", Дори последни пъти беше взела парцалки.
"115,84","116,88", Парцалки за 200 лева.
"117,6","122,18"," И това при положение, че работи като продавачка и парите два ми стига да си плати найма."
"122,3","124,32", Според мен това е голяма грешка.
"124,72","127,3", Мразя Велина да ми прави сцени по магазините.
"128,18","130,06"," Затова и купувам всичко, което поиска."
"131,18","136,1"," Предпочитам да останеме без пари, отколкото да се караме по улиците и хората да ни гледат."
"137,06","138,84", Велина просто не си знае мярката.
"139,3","141,4", Трябва да се покаже до къде мога да се налага.
"141,66","144,5"," Ужасно е разглезена и си мисли, че всичко е позволено."
"144,5","145,5", Аз обаче няма да й позволя.
"145,84","146,92", Няма да й позволя да не разиграва.
"150,2","152,76", Ситуацията в семейството се влушава с всеки изминал ден.
"155,48","159,44", Синът на Теодор Николай също страда от агресивното поведение на Велина.
"160,36","161,64", Та Велина е ненормална.
"161,76","163,84"," Какво ти да ѝ кажеш, само започва да крещи."
"164,14","165,8"," Това не ми е пипай, онова не ми е пипай."
"166,74","169,7"," Ако си мисли, че на мен ми е хубаво да живеем заедно с нея, жестоко се улежа."
"169,96","170,94", Не знам какво да правя.
"171,46","175,68"," Колкото да обичам Лили, не знам още колко дълго ще издържиме с Никитук."
"175,84","180,42"," Тя трябва да престане да отстъпва и да обясни на малката лигва, че светът не се върти около нея."
"180,96","182,62"," Ако това не стане, може би ще ме загуби."
"195,16","199,88"," След няколко дни, Велина е на рожден ден на приятелка и иска да ѝ купи блуза за подарък."
"200,34","202,76", Лилиана и Теодор я придружават по магазините в Мола.
"203,3","205,64"," Теодор предварително е говорил с приятелката си,"
"205,84","208,6", и е предупредил да не купува нищо друго.
209,"212,56"," Той е сигурен обаче, че Велина ще поиска да купя дрехи и за нея."
"215,56","216,56"," Е, готова съм!"
"217,06","218,06"," Какво е това бе, мама?"
"218,56","220,32", Нали се разбрахме да вземе само едно нещо?
"220,32","223,02"," Да, но и те са много хубави. Знаеш колко яко ще ми седят?"
"223,02","226,76"," Разбирам те, мамо, че ще си седят, но нали сме дошли само подарък да вземем?"
"227,02","229,02"," Е, да, но моля те, моля те!"
"229,02","231,02"," Моля ти се, Велина не ми си ина ти, мама."
"231,02","232,02", Ти си виновен!
"232,02","232,52", Моля?
"232,52","235,52"," Що меката ти е казала, че ще получиш една буза и една буча ще получиш?"
"235,52","236,52", И аз не ме...
"236,52","238,52"," Велина, моля те, какво мислиш да правиш?"
"238,52","240,52"," Хайде да тръгваме, но ще не ме се разбереме."
"240,52","242,52"," Хайде, взимаме едно нещо и си тръгваме."
"242,52","243,52"," Велина, чуваш ли?"
"243,52","245,52"," Абе, Велина, чуваш ли?"
"245,52","247,52"," Велина, чакай бе, какво ти става?"
"247,52","248,52", Добре ли си?
"248,52","249,52"," Добре съм, добре съм."
"249,52","250,52", Нищо ми няма.
"250,52","251,52", Сигурна си?
"251,52","252,52", Сигурна съм.
"252,52","253,52", Хайде да тръгваме.
"253,52","255,52"," Искаме, момичен, с това държане нищо няма да получиш."
"255,52","259,52"," Тот тапанар, Теодор, ако си мисли, че ще стане това, което иска, много се лъжи."
"259,52","261,52"," Не говоря о мама, да не ми купуват дрехи."
"261,52","266,52", По-добре е с мама да се скарат и двамата с сина му да се разкарат от вкъщи.
"266,52","270,52", Не знам какво да правя. Велина стана много лошо дете.
"270,52","273,52"," Нямам сили, не знам вече как и да се оправим с нея."
"273,52","281,52"," Мисля, че това, че си имам нов мъж до себе си, нова връзка, я кара да бъде толкова раздразнителна."
"283,52","285,52"," И това ще бъде, ще се оправят."
"285,52","289,52"," Това момиче е направил изпусната работа. Не можах да повярвам, че посегна на майка си."
"289,52","294,52", Не знам. В началото мислех да остава Лили сама да се оправи с ситуацията.
"294,52","299,52", Все пак тя е майка. Но не издържах като видях какво става.
"299,52","302,52"," Ядостах се, така се ядостах, че по едно време даже не можех да говоря."
"304,52","309,52"," По-късно през деня, Теодор решава да повдигне въпроса за поведението на Велина."
"309,52","312,52"," Той избира момент, когато двете деца са навън с приятели."
"313,52","317,52"," Лили, мисля, че Велина съвсем те се качила на главата."
"317,52","319,52"," Кога да стига, ако пусти на главата?"
"319,52","321,52", Трябва да направиш нещо. Станало е неотбръжимо.
"321,52","324,52"," Добре, какво да направя? Според тебе, хвана да я набия ли?"
"324,52","330,52"," За бой и дума да не става. Може да й обясниш просто, че всеки от нещо има граници и тя не може да си позволява всичко."
"330,52","335,52"," И сега тя е изнервена от цялата обстановка, за това, че живееме заемали с съна баща и..."
"335,52","342,52"," Тя е виждала, че липсата на баща ѝ, примерно, ѝ оказва голямо влияние, но не може тя постоянно с това нещо да си извинява."
"342,52","345,52"," Ами ако... да я убие някой, какво ти става?"
"345,52","349,52", Ало... ти си направила за лекар. Много лоша синка.
"349,52","351,52"," Абе, лекар. Утре ще мине."
"351,52","356,52"," И друго, как може 13 годишна момичен с такава посягана майка си? Виж какво ти е направила."
"356,52","360,52"," Виж сега, за това нещо съм си виновна аз. Аз ако имах пари..."
"360,52","365,52"," Не, нищо не разбираш. Какви пари? Ти постоянно й купуваш разни неща и с тя става егоист."
"365,52","370,52"," И си мисли, че с пари мога да замени всичко. Тя трябва да поеме отговорност върху действията си."
"370,52","373,52", Не може всичко да се купува с пари и подаръци. Постоянно й правиш подаръци.
"373,52","374,52"," Добре, защо гледаш..."
"374,52","376,52", Постоянно й правят лоша услуга. Разбери ме.
"376,52","381,52"," Добре, защо гледаш само моята дъщеря? Погледни сина ти какво прави. Първо гледай твоя син, след това говори за дъщеря ми."
"381,52","382,52", Ники... Ники...
"382,52","390,52"," Ники е добро момче и въобще не ми поставя с такива ситуации. Дори да не ме чуваш аз какво говоря, погледни доказателствата. Виж си ръката."
"390,52","392,52", Тя е още дете. Тя няма вина за това нещо.
"392,52","397,52"," Не може да я оправдаваш постоянно, дете. Утре ще порасне и ще се държи по същия начин."
"397,52","404,52"," Трябваше да поговоря с Лили, защото тя се държи с дъщеря и сякаш нищо не е станало. Не може така. Трябва да й се опълчи."
"404,52","412,52"," Лили не се държи като родител, а се държи с едно починено на дъщеря й. Може да ми се разсърди, но аз тия неща ги казвам за не е добро. Искам да ѝ отворя очите."
"412,52","423,52", Може нестина да съм прекалено мека с Лилина. Това е защото много я обичам. Не искам да я нараня. Тя все още е дете. Всички тинейджери са такива.
"423,52","431,52", На следващата сутрин Лилиана е принудена да отиде на лекар. Тя цяла нощ не успява да мигне заради болки в наранената си ръка.
"431,52","433,52", Ох... Ох...
"434,52","440,52"," О, не изглежда никак добра. Това е вътрешен кръвоизлив."
"440,52","443,52"," Не мислех, че е нещо толкова сериозно."
"443,52","453,52"," Ами, доста е сериозно. Всяко такова нараняване е доста сериозно. Имате нараняване по цялата ръка. Не само там."
"453,52","455,52"," Да, да. И там се ударих."
"455,52","457,52"," Ей, добре. Как точно стана?"
"457,52","459,52"," Ами, паднах и се ударих."
"459,52","463,52", Паднахте. Добре. Ще ви напиша една рецепта за мехлем.
"464,52","469,52", Жената се държеше доста странно. Изглеждеше объркана и претеснена.
"471,52","474,52"," Помислих, че може би става дума за домашно насилие."
"474,52","478,52"," А жените в такива случаи не казват, ако мъжете им ги мултратират."
"478,52","482,52"," Сигурни сте, че това нараняване е отпадане?"
"482,52","484,52", Не точно.
"485,52","490,52"," Добре. Ако има някакъв проблем, може да ми кажете. Това мъжът ви ли го направи?"
"490,52","492,52"," Не. Не, в никакъв случай."
"492,52","493,52", Защо?
"493,52","497,52", Вчерия ми бяхме в магазина. Искаше да купя няколко дрешки.
"497,52","502,52"," Тя много се ядоса, защото нямах пари да ги купя. И се сдърпахме."
"502,52","505,52", Дъщеря ви. Добре. Тя на колко е години?
"505,52","507,52", На 13-та.
"507,52","513,52"," Ами, обранете внимание, защото такова поведение и такова нараняване са доста опасни."
"513,52","518,52"," Ако креолазива не изчезне до една семеница, трябва да дойдете пак при мен."
"523,52","526,52", Ви ли не е било много бързо да се върнете в тази ситуация?
"526,52","530,52", Само това ми липсваше и лекарите да ми дават съвети за дъщеря ми.
"530,52","535,52"," Аз съм сигурна, че Велина съжалява за тази постъпка и ще си обмисля грешките."
"535,52","538,52", Аз много добре знам как да възпитавам дъщеря си.
"539,52","542,52", Две седмици по-късно Никола е изключително ентусиазиран.
"542,52","545,52"," Днес е премиерата на филма, който той чака от месеци."
"545,52","550,52"," Теодор е решил, че ще бъде хубаво, че тримата да отидат на кино като семейство."
"550,52","554,52"," Айде, бързо! Велина, защо се бави толкова? Ще вземем да закъснем на края за филма."
"554,52","557,52"," Велина, хайде лао, остави кучето!"
"557,52","563,52", Не ми се ходи и на кино! Колко пъти да ви казвам? Този филм е супер тъп и само идиотите ходят да го гледат.
"563,52","565,52"," Велина, веднага се качай в колата!"
"565,52","570,52"," Велина, чуваш ли ме? Остави кучето на Сашка. Знаеш ли Ники от колко време иска да го гледа този филм?"
"570,52","573,52"," Остави ме, искам да си играя с кучето!"
"573,52","576,52"," Велина, веднага ако не се качиш в колата, тръгваме без теб."
"576,52","577,52", Тръгвайте!
"577,52","580,52"," Така ли? Качвай се, Велина, в колата тръгваме."
"580,52","582,52"," Теодор, аз няма да дойда, няма да оставя дъщеря сама."
"582,52","583,52", Ти сериозно ли говориш?
"583,52","586,52"," Да, сериозно ти говоря. Няма да ми е спокойно без нея."
"586,52","588,52"," Добре, тогава ние тръгваме с Ники."
"593,52","596,52"," Момиче, виж какво ме направи сега. Заради тебе се скарах с тя."
"596,52","599,52"," Направо поводях, като видях, че Велина пак създава проблеми."
"599,52","601,52"," Тя нарушно ги прави тези неща, за да ни развали настроението."
"601,52","604,52", Един път не може да излезем като хората заради нея.
"604,52","609,52"," Лили също ме я досада, защото отстъпи и подкрепи отново прищетките на дъщеря си."
"609,52","611,52", За малко да закъснеем за филма заради Велина.
"611,52","615,52", Напоследък правим каквото тя каже и това страшно ме дразни.
"615,52","617,52", По-добре си бяхме само двамата с баща ми.
"617,52","624,52", Няколко часа по-късно Теодор и Николай играят на електронна игра.
"624,52","629,52"," Бащата все още е ядосан на Велина за това, че успява да се сипе семейното ходене на кино."
"629,52","632,52", Той изобщо не иска да обръща внимание на момичето.
"632,52","636,52"," Очакай, прави малко прединство на бащата."
"636,52","638,52", Искам и аз да играя.
"638,52","640,52"," Махни се, пречеш ни."
"640,52","643,52", Това си е моята къща и ще седя където си искам. Та пак.
"643,52","646,52"," Велина, не ми е до теб сега, моля ти се знае защо."
"646,52","649,52"," Ами добре, след като не мога да играя ще седя тук."
"649,52","651,52", Махни се от телевизора.
"651,52","652,52", Няма.
"652,52","653,52"," Махни се, пречеш ни."
"653,52","654,52", Няма.
"654,52","656,52"," Велина, веднага се махни от телевизора."
"656,52","657,52", Няма.
"657,52","659,52"," Навлици изкапани, мразяви."
"659,52","662,52"," Ох, понякога ми идва да пребият тоя Николай."
"662,52","665,52"," Само ако бях малко по-силна, стях да му опрасна един."
"665,52","668,52", Мама от Теодор и Николай ме дразнят.
"668,52","669,52", Какво става?
"669,52","671,52", Ами не ми дава да играя с тях.
"671,52","673,52", Ти пак и си заеден с тях?
"673,52","675,52"," Не, нищичко не съм направила."
"676,52","679,52"," Не ми дава да играя, но тогава искам като кучето на Сашка."
"679,52","681,52", Какво се разбрахме за това куче?
"681,52","684,52"," Много добре знаеш, че Ники има алергия и не може да си го позволим."
"684,52","686,52", Хич не ми показа алергията му.
"686,52","688,52", Ти ми обеща за рождения ми ден.
"688,52","692,52"," Да, знам какво съм ти обещала, но не знаех, че те ще дъла да живеят тук при нас."
"692,52","694,52", Значи някакъв си Николай е по-важен от мен?
"694,52","697,52"," Мила, не дай да говориш така. Не е така."
"697,52","699,52"," Ти ми обеща, мразя те!"
"703,52","706,52"," Надявах се, че е минал ме ракът за кучето."
"706,52","709,52", Но няма как да стане заради алергията на Ники.
"709,52","712,52"," За съжаление, пак разочаровах дъщеря си."
"712,52","715,520", Мама няма да ми купи куче заради тоя кретен Николай.
"715,52","718,52", От къде на къде всички трябва да се съобразяваме с него.
"718,52","723,52"," Да щяло да се изприща ми още по-добре, да се изприща ни ми пука за него."
"723,52","727,52", Три дни по-късно Лиляна излиза на кафе с приятелката си Карина.
"727,52","731,52", Предната вечер двамата с Теодор отново се скарват заради Велина
"731,52","735,52", и сега 37 годишната жена търси съвет от своята приятелка.
"736,52","740,52"," Теодор се скари, не знам какво да прави. Вели е станало непоносимо дете."
"740,52","742,52", Какво е станало пак?
"742,52","747,52", Какво е станало? Миналата вечер с Тео трябваше да излезем на вечеря.
"747,52","751,52", Обаче тя искаше да остана с нея да реда пъзел.
"751,52","754,52", Бях ѝ обещала и останах при нея.
"754,52","756,52", Тео излезе само.
"756,52","760,52", Преди това много жестоко се скарахме и не знам.
"760,52","765,52", Нормално е. Мъжете също и сте внимание. Особено когато си поел ангажимент.
"765,52","766,52", Да.
"766,52","772,52"," Мисля, че Вели те работи много сериозно в тая връзка."
"772,52","774,52", Какво искаш да кажеш ти за това?
"774,52","778,52"," Искам да кажа, че децата понякога са големи манипулатори."
"778,52","781,52"," А нали би да кажеш, че тя ме манипулира?"
"781,52","784,52", Работите просто. Тя нега не иска да си стел.
"784,52","787,52"," Всеки път, когато Ви имате някаква идея да бъдете заедно,"
"787,52","791,52"," всеки път, когато поемате някаква инициатива, поне доколкото аз чувам,"
"791,52","793,52", всеки път тя прави нещо и...
"793,52","795,52"," Всъщност, да ти кажа, преди няколко дни,"
"796,52","800,52"," пък трябваше да излезнем и тя не се оплака, че я боли много корен."
"800,52","803,52"," И пък трябваше да остана с нея, за да ѝ обърна внимание."
"803,52","808,52"," Обедена съм, че Велина прави всички тези неща съвсем умишлено."
"808,52","812,52", Като целта ѝ е да разкара тело и сина му от живота ѝ.
"812,52","819,52"," Леляна трябва да осъзнае, че тя има главна отговорност върху живота и любовта си."
"819,52","824,52"," И трябва да се вземе в ръце, да осъзнае отговорността си в тая посок."
"824,52","826,52"," Не знам, знаеш ли какво ми е страха?"
"826,52","829,52"," Да не загубя тело, защото..."
"829,52","831,52", Трябва да направиш нещо в тая посока.
"831,52","833,52", Не може така да продължава.
"833,52","834,52", Какво да му правя?
"834,52","836,52"," Трябва да му покажеш, че ти е важен."
"836,52","839,52"," Трябва да му покажеш, че нещата между вас имат смисъл."
"839,52","842,52", Трябва да възобновиш интимността между вас по някакъв...
"842,52","845,52"," Нещо романтично трябва да направите, според мен."
"845,52","847,52", Какво ми предлагаш?
"847,52","848,52", Не...
"848,52","851,52"," Какво, вечера на свещи или..."
"851,52","852,52", Или не.
"852,52","855,52", Еди приятели ходиха на масаж скоро.
"855,52","856,52", Някакъв тело.
"856,52","857,52", Тайландски масаж.
"857,52","859,52", Много доволни мъжа и жената.
"859,52","860,52", Много доволни.
"860,52","861,52", Така имаха проблем.
"861,52","863,52"," А какво е това, тайландски масаж?"
"863,52","865,52", Като нормалния масаж.
"865,52","867,52", Лягате двамата там.
"867,52","870,52", Масажират ви по някакви специални енергийни техники.
"870,52","872,52", Етерични масла ползват.
"872,52","874,52"," Много отпускащо, много релаксиращо."
"874,52","875,52", Много така...
"875,52","877,52"," Да ти кажа, звучи добре."
"877,52","879,52"," Бихме го пробвали, това нещо."
"881,52","884,52", Идеята на Каря ми звучи много добре.
"884,52","885,52", Ще трябва да направим с тело този масаж.
"885,52","887,52", Тайландски.
"887,52","890,52"," За който тя ни каза, не искам да го загубя Теодор."
"890,52","892,52"," Защото той е мъжът, в който се влюбих."
"892,52","898,52", И ще се опитам за в бъдещите нещата да се подредат.
"898,52","901,52", Една седмица по-късно Теодор и Лиляна отиват на масаж.
"901,52","907,52"," Лиляна подарява масажа на приятеля си, за да му покаже колко много държи на него."
"907,52","909,52", Скажете ми ако ви се боли.
"909,52","910,52"," Не, няма проблем."
"910,52","912,52", Отдавна не съм се отпускал така добре.
"912,52","914,52", И аз трябва да го направим по-добре.
"914,52","916,52", Трябва да го направим по-често.
"919,52","922,52"," Ох, не си ли го изключил този телефон? Не го вдигай."
"922,52","924,52", Некои се случи нещо.
"924,52","926,52", Би ли ми подала телефона?
"930,52","931,52", Сина ти е.
"931,52","933,52"," Алло, кажи Ники."
"935,52","936,52", Какво?
"936,52","939,52", Аби ти луд ли си? Ненормален ли си?
"939,52","941,52", Как така е избягал от вкъщи?
"941,52","943,52", Защо си я заключил?
"944,52","946,52", Веднага се прибираме.
"946,52","948,52", Какво е станало сега?
"948,52","950,52", Какво е станало?
"950,52","953,52"," Дъщеря ми е избягал от вкъщи, защото сина ти я е заключил."
"953,52","956,52", Как така ще заключва детето? И то е тръгнал боса.
"956,52","959,52"," Абе, това може би е един от поредните номера на дъщеря ти."
"959,52","962,52", Ти сега защо обвиняваш дъщеря ми? Ти не виждаш ли сина ти какво е направил?
"962,52","963,52", Защо да го...
"963,52","965,52", С какво права ще я заключва?
"965,52","967,52"," Добре, не съм сигурен, но трябва да проверим."
"967,52","968,52", Не ставай да се тръгваш.
"968,52","969,52", Не съм сигурен.
"969,52","972,52", Теодор направи мебеси. Как така може да обвинява дъщеря ми?
"972,52","975,52"," Той не вижда ли сина си, че сина му не е светец?"
"975,52","979,52"," Ами сега, ако се е случило нещо лошо на дъщеря ми, къде да я търся? Какво да правя аз?"
"979,52","982,52"," Мислех, че този път ще бъде по-различно, ама не."
"982,52","987,52"," Велина винаги разбира, кога с майка ѝ се чувстваме добре и успява да развали нещата."
"987,52","990,52"," Сигурен съм, че Николай е бил провокиран за да постъпи така."
"993,52","996,52", Три часа по-късно от Велина все още няма и следа.
"996,52","1003,52"," Лиляна няколко пъти обикаля квартала, за да я търси и вече започва да изпада в паника."
"1007,52","1011,52"," Няма я на пейките, няма я при приятелки."
"1011,52","1015,52", Ти как може да го направиш това? Не помисли ли какво може да се случи?
"1015,52","1018,52"," Може да откъде да знам, че е толкова лудът, че да избяга и то боса?"
"1018,52","1021,52"," Момтенце, мери си приказките. Защо го направи?"
"1021,52","1024,52"," Да не мислиш, че аз започнах първи, както винаги тя започна."
"1024,52","1026,52", А защо си я заключил? Не трябваше да я заключиш.
"1026,52","1029,52"," Ако Велина го беше провокировала, то нямаше да я заключи."
"1029,52","1031,52", Отивай да си лягаш.
"1033,52","1037,52"," Мия сега какво да права? Навънка се стъмни, стана студен..."
"1037,52","1040,52"," Сигурен съм, че се появи от някъде. Не се притеснявай."
"1040,52","1043,52"," Сега просто играе с нас, а иска да сме притеснени."
"1043,52","1046,52", Нищо лошо няма да й се случи. Ще видиш.
"1046,52","1048,52"," Ти си мислиш така, нали?"
"1048,52","1050,52", Да се появи. Сигурен съм.
"1050,52","1054,52"," Един приятел дойде на гости да поиграем, но Велина се развика, че иска да гледа телевизия."
"1054,52","1058,52"," По принцип тя си има телевизор в стаята, но реши да гледа в дърната при нас."
"1058,52","1061,52"," Аз я досах, избутех я в стаята и я заключих."
"1062,52","1067,52", Един час по-късно Лиляна и Тодор са извикани по телефона в районното полицейско управление.
"1067,52","1070,52", Велина е открита разплакана на автобусна спирка.
"1070,52","1074,52", В момента с нея разговаря инспектор Озунов от детска педагогическа стая.
"1077,52","1080,52"," Велина, добре ли си, мамо? Знаеш ли как ме притесни?"
"1080,52","1084,52"," Знаеш ли колко се оплаших, миличка? Не дай да правиш повече така."
"1084,52","1086,52"," Погледни, ти се виж на какво приличаш."
"1086,52","1090,52", Здравейте. Инспектор Владимир Озунов. Трябва да поговорим.
"1091,52","1098,52", Колегите са намерили дещеряви оплашана и разплакана без обувки на една спирка.
"1099,52","1103,52"," След като проведохме разговор с нея, установихме, че доведения брат я бил и я турмозил."
"1103,52","1105,52", Това нещо вярно ли е?
"1105,52","1109,52", Това е пълен абсурд. Дори не е вярно. Николай никога не ви посегнал на момиче.
"1109,52","1111,52", Със сигурност служи и си измисля.
"1111,52","1112,52"," Лина, вярно ли е това, мамо?"
"1112,52","1114,52", Остави ме ти си на тяхна страна.
"1114,52","1119,52"," Велина, тук е момента, пред който трябва ти да кажеш на абсолютно всички, това нещо вярно ли е?"
"1119,52","1121,52", Брат ти бил ли те?
"1121,52","1123,52", Нено се държеше гадно с мен.
"1123,52","1126,52"," А защо лъжеш, бе, момиче? Защо така топиш брат ти тука? Това не е детска игра."
"1126,52","1128,52"," Теодоря, престани да ѝ се караш. Не дай да ѝ висиш."
"1128,52","1131,52", Какво значи престани? Омръзна ми от тази лигва. Другата седмица си наказана.
"1131,52","1133,52", Ти първо си си че ще ме наказваш.
"1133,52","1136,52"," Велина, престани, мамо. Каза се приберем от къщи ще оправим нещата."
"1136,52","1139,52"," Не, нека не ми отива. По-добре да седим тука."
"1139,52","1144,52"," Велина, по-добре послушай майка си. Повярвай ми, не искаш да останеш тук."
"1144,52","1147,52", Никак няма да ти хареса. Приберете се в къщи и си поговорете.
"1147,52","1151,52"," Нещо, генерално бъркам. Дъщеря ми не се чувства добре."
"1151,52","1155,52", Ние е комфортно. Постоянно ми подава сигнали.
"1155,52","1158,52", Обаче аз не мога да я разбера.
"1158,52","1163,52", Трябва да оправим нещата за в бъдеще. Това вече не се търпи.
"1166,52","1172,52", Инспекторът от детска педагогическа стая съветва Лиляна да се обърне към комплекс за социални услуги.
"1172,52","1177,52", Там тя и дъщеря й могат безплатно да получат психологическа помощ.
"1177,52","1183,52", Велина обаче отказва да отиде там с майка си и по тази причина Лиляна отива сама.
"1183,52","1186,52", Посреща я психологът Юлия Генчева.
"1189,52","1192,52", Дъщеря ви къде е?
"1192,52","1195,52"," Еми, просто не можах да я доведа. Не искаше да дойде."
"1196,52","1201,52"," Как така? Не искате да ви предварително обясните ли къде идва, за каква?"
"1201,52","1208,52"," Да, обяснила сами с моята приятелка. Се опитахме, но тя изпадна в една истерия. Започва да ни обижда."
"1208,52","1210,52", Често се случва?
"1210,52","1214,52"," Не се случва често, но понякога се случва."
"1214,52","1216,52", Всъщност тя как се казва?
"1216,52","1217,52", Велина Гилкиен.
"1217,52","1224,52"," Ами добре, но трябва понякога... Сигурно има някаква причина. Не може така да се случи."
"1224,52","1230,52"," Следък е станала много раздразнителна. И аз си мисля, че това нещо, както моят приятел..."
"1230,52","1231,52", Поводът.
"1231,52","1242,52"," Да, поводът е приятелът ми дойде да живее с сина си в къщи. И си мисля, че започна вече да ревнува, да се изнервя."
"1242,52","1249,52"," Мин, напълно нормална е нейната реакция, защото тя си същитава територията. Няма как да не се случи."
"1249,52","1253,52"," Ако няма да ви я доведете, аз не мога да дойда във вас. Не мога да я накарам."
"1253,52","1255,52"," Вие сте човека, който трябва да мотивирате да дадете."
"1255,52","1262,52"," Ясно. Аз много пъти даже съм казвала, че я обичам постоянно и го показвам. Държа се много мило с нея."
"1262,52","1269,52"," Тя е всичко за мене на този свят. Дори Теодор Ник и много добре се държат с нея, но тя не показва никакво уважение."
"1269,52","1271,52", Много ужасно се държи с нея.
"1271,52","1278,52"," Няма как. Ние тук работим с родител и случи евелина дъщеряви. Ако не я доведете, аз съм безсилна."
"1278,52","1283,52"," Може да дойдете, когато я убедите. Ще ви чакам, за да ви помагам."
"1283,52","1286,52"," Не мога, иначе няма как отристоя ни да се случи нещо."
"1286,52","1290,52"," Ще направя всичко по силите си, за да мога да я доведа."
"1290,52","1294,52"," Ими, като случай, приятен ден. Задам спаяте."
"1294,52","1296,52", Добър работа ви.
"1296,52","1298,52", Приятен ден.
"1298,52","1307,52"," Разбира майката. Тя е притеснена. Опитва се да помогне на дъщеря си. По думите й тя от тази загриженост личи, че Белина е обгрижвано дете."
"1307,52","1310,52"," Свикнала е да получава всичко, каквото го иска."
"1310,52","1312,52"," Фактът е, че сега има нови членове в семейството."
"1312,52","1313,52", И трябва да го обръща.
"1313,52","1315,52", Трябва да дели дадени неща.
"1315,52","1317,52", Просто да получава по-малко внимание.
"1317,52","1319,52", Това я притеснява.
"1319,52","1321,52", И от тук идва проблема.
"1321,52","1328,52"," Надявам се, по този начин, разговаряки с нея, консултирайки и майката, да се изчистят тези неща и да живеят прекрасно."
"1328,52","1331,52", Очаквах психологската да ми даде някакъв съвет.
"1331,52","1333,52", Тя започна да ми задава някакви въпроси.
"1333,52","1335,52", Защо Белина не е с мен?
"1335,52","1337,52", Защо не съм я довела?
"1337,52","1339,52", Не мога да я доведа по насила.
"1339,52","1341,52"," Ай, не ми се идваше на психолог."
"1341,52","1342,52", Тя Карина ме накара да дойда.
"1342,52","1344,52", Дъщеря ми не е луда.
"1344,52","1346,52", Тя е малко изнервена.
"1346,52","1348,52"," Но мисля, че и сами може да се оправим."
"1350,52","1354,52"," Още на следващия ден, в семейството избухва поредният скандал."
"1354,52","1360,52"," Този път, Белина е взела списанията с Колина Николай, без да го попита."
"1362,52","1364,52", Защо си ми разхвърляла списанията?
"1364,52","1366,52", Защото са пълна скука.
"1366,52","1368,52", Само Колина има вътре.
"1368,52","1370,52", Ти нормална ли си?
"1370,52","1372,52"," Виж, скъсва страницата на любимото ти."
"1372,52","1374,52", Списанията ми.
"1374,52","1376,52", Какво пък толкова една страница?
"1376,52","1378,52", Какво пък толкова?
"1378,52","1380,52", На теб ще ти хареса ли да ти се сипа твоите списанията?
"1380,52","1382,52", Само да не си ги пипнал.
"1382,52","1384,52"," Какво става тука си, а?"
"1384,52","1386,52", Тя ми е се сипала списанията.
"1386,52","1388,52"," Белина, защо си му пипала списанията?"
"1388,52","1390,52", Писна ми от тебе вече.
"1390,52","1392,52"," Ще ти хареса ли на теб, ако направя така?"
"1392,52","1394,52"," Не, не ги пипай, не ми пипай."
"1394,52","1396,52"," Нещо така, не ми пипай, нещо така."
"1396,52","1398,52"," Белина, достани."
"1398,52","1400,52"," Те, опусни дъждкаря ми, не да я биеш."
"1400,52","1402,52", Не се има докосна.
"1402,52","1404,52", Какво става?
"1404,52","1406,52"," Скъсвай списанията ни, Коай, и това става."
"1406,52","1408,52", Голяма работа е ни списания.
"1408,52","1410,52"," Как голяма работа? Знаеш ли, от колко време ги колекцинирам?"
"1410,52","1412,52", Тя е луда.
"1412,52","1414,52", Защо говориш така за да шкеряме?
"1414,52","1416,52"," Виж какво, на мене ми писна вече тази работа, а с тебе не знам."
"1418,52","1420,52", Къде отиваш?
"1420,52","1422,52", Излизам.
"1422,52","1424,52", Наистина в този момент имах нужда
"1424,52","1426,52", от който скъпчи за въздух.
"1426,52","1428,52"," Не можех да гледам Белина, а и с Лиана не ми се спориш."
"1428,52","1430,52", Дълга ще ми беше дошло от техните номера.
"1430,52","1432,52", Много се ядосах като Белина ми се сипа списанията.
"1432,52","1434,52"," Някой ден, когато я няма, ще вляза в стаята ѝ"
"1434,52","1436,52", и ще изкъсна плакатите.
"1436,52","1438,52", Да види колко е хубаво от тя.
"1438,52","1440,52", Нямам представа какво се е случило.
"1440,52","1442,52", Тео няма право да се държи така с детето ми.
"1442,52","1444,52", Няма право да я докосва.
"1450,52","1452,52", По-късно Теодор се среща с приятеля си Стефан в кварталния бар.
"1454,52","1456,52", Теодор иска да се разсе от напрегнатата ситуация вкъщи.
"1456,52","1458,52", Теодор иска да се разсе от напрегнатата ситуация вкъщи.
"1462,52","1464,52"," Честно ти кажа, Въртле, не знам още колко ще издържа."
"1464,52","1466,52"," Знаеш, че много обичам Лиана,"
"1466,52","1468,52", но трябва да мисля и за Николай.
"1468,52","1470,52"," Ако дъщеряй не си промени държанието,"
"1470,52","1472,52", ще трябва да се разделим.
"1472,52","1474,52", Али ли не прави нещо по въпроса?
"1474,52","1476,52", Не е ли наказване? Не ли прави забележки?
"1476,52","1478,52"," Не бе, бац, се трябва и постоянно я подкрепя."
"1478,52","1480,52", Това не е нормално.
"1480,52","1482,52"," Аз никога не бих позволял така да се държи, ама тези сметки."
"1482,52","1484,52"," Добре, какво да направя?"
"1484,52","1486,52"," Не знам, накажи я, направи нещо по този въпрос с Лиана."
"1486,52","1488,52"," Как да накажа? Аз не съм ни баща,"
"1488,52","1490,52", а отделно Лиана също не ми дава да изакарам.
"1490,52","1492,52", С Тео се познаваме от 15 години.
"1492,52","1494,52", Никога не съм го виждал такъв.
"1494,52","1496,52", Някаква тинежерка да го изкара от кожата му.
"1496,52","1498,52"," Ако бях аз, досега се е намеряла майстора."
"1498,52","1500,52"," Надявам се,"
"1500,52","1502,52", връзката да ни се предсака заради дъщеря й.
"1508,52","1510,52", Три седмици по-късно.
"1510,52","1512,52", Велина има рожден ден.
"1512,52","1514,52"," Лиана полага огромни усилия,"
"1514,52","1516,52", за да подготви празника на дъщеря си
"1516,52","1518,52", и да я зарадва.
"1518,52","1520,52", Дори те одори Николай
"1520,52","1522,52", и помага да украси тортата.
"1522,52","1524,52"," Велина, вече можеш да идваш, мила."
"1526,52","1528,52", Чести рожден ден!
"1530,52","1532,52", Да си много щастлива.
"1532,52","1534,52", Виж каква си касавица.
"1534,52","1536,52", Много хубави свести.
"1536,52","1538,52", Супер е.
"1538,52","1540,52", А това какво е?
"1540,52","1542,52", Това е подаръкът ти.
"1542,52","1544,52", Няма да го разберем.
"1544,52","1546,52", Това е новият модел.
"1546,52","1548,52", Как сте го връзали?
"1548,52","1550,52", Не е новият модел.
"1550,52","1552,52", Супер!
"1552,52","1554,52", А къде е другия подарък?
"1554,52","1556,52", Какъв друг подарък?
"1556,52","1558,52"," Ха, ми този, който ми обеща."
"1558,52","1560,52"," Велина, това е подаръкът ти."
"1560,52","1562,52", Не е ли достатъчен?
"1562,52","1564,52"," Не, аз искам куче."
"1564,52","1566,52"," Велина, какво се разбрахме с теб за това куче?"
"1566,52","1568,52"," Много добре знаеш, че Никей има алергия от куче."
"1568,52","1570,52", Няма как да си го позволим.
"1570,52","1572,52"," На мен те е рисувало, аз искам куче."
"1572,52","1576,52"," Велина, за такъв подарък знаеш ли колко деца си мечтаях?"
"1576,52","1578,52", Не се държи така.
"1578,52","1580,52"," На мен те е рисувало, аз искам дори да е най-ефтиното куче."
"1580,52","1582,52", Ти си виновен.
"1582,52","1584,52", Заради теб не мога да имам куче.
"1584,52","1586,52", Това ми е най-скъпания рожден ден.
"1586,52","1588,52"," Мразя ви, мразя ви, мразя ви, мразя ви!"
"1588,52","1590,52", Велина!
"1590,52","1592,52"," Какво е това? Какво правиш бе, дете?"
"1592,52","1594,52", Ужас!
"1594,52","1596,52"," Е, сега вече прекали."
"1596,52","1598,52"," Щом искаш да си празнуваш сама, си празнувай сама."
"1598,52","1600,52"," Това е това, че си върху аз с мен. Ние излизаме."
"1600,52","1602,52"," Не, не, не може да си тръгнете така."
"1602,52","1604,52", Значи обадими се като се успока и твоята принцеса.
"1604,52","1606,52"," Сега аз съм аз. Виж си, че си почиствам тук."
"1606,52","1608,52", Ужас!
"1610,52","1612,52", Не мога да ви опиша колко много се вбесих.
"1612,52","1614,52", В този момент наистина Мидва ще ви удари един шамар.
"1614,52","1616,52", Едва се удържах.
"1616,52","1618,52", Нищо повече няма да правя за нея. Даже не мисля да говоря с нея.
"1618,52","1620,52"," Аз за не биде съм виновен, че имам алергия."
"1620,52","1622,52", Пак съм между чука и на ковалнята.
"1622,52","1624,52", Велина ми се сърди.
"1624,52","1626,52", Тео ми се сърди.
"1626,52","1628,52"," Помислих, че тя ще се зарадва на телефона."
"1628,52","1630,52", А то какво се случи?
"1630,52","1632,52", Три дни по-късно
"1632,52","1634,52", Теодор трябва да замине в командировка за два дни
"1634,52","1636,52", и събира багажа си.
"1636,52","1638,52", Настроението в дома продължава да е лошо.
"1638,52","1640,52"," Тео, имаш ли нещо за гладен?"
"1640,52","1642,52"," Не, багажа ми е почти готов."
"1642,52","1644,52"," Искам да ти помоля,"
"1644,52","1646,52"," само докато ме няма да се покрижиш Велина,"
"1646,52","1648,52", да не закача Ники.
"1648,52","1650,52", Нали може?
"1650,52","1652,52", Какво искаш да кажеш за това?
"1652,52","1654,52", Знаеш много добре какво искам да кажа.
"1654,52","1656,52"," Може ли да заптиш Велина поне за два дни,"
"1656,52","1658,52"," да не се избият децата, моля те."
"1658,52","1660,52"," Не съм алумна, мога да се справя с две деца."
"1660,52","1662,52"," Знам, че мога да се справиш, но поне че пътувам"
"1662,52","1664,52", и е притеснено и затова трябва да ти го кажа.
"1664,52","1666,52"," Ох, хм."
"1666,52","1668,52", Да но всичко мине добре.
"1668,52","1670,52", Тези два дни ще съм като натрани.
"1670,52","1672,52"," Честно казано, не вярвам, че Велина ще се справи с двете деца."
"1672,52","1674,52", Тео много ме обижда.
"1674,52","1676,52"," Не искам да кажа, че не съм добра майка"
"1676,52","1678,52", и че не мога да се оправя с дъщеря си.
"1678,52","1680,52", Не е така.
"1680,52","1682,52", Аз искам просто моята дъщеря да бъде щастлива.
"1684,52","1686,52", На следващата сутрин Лиряна отива в приюта за животни.
"1686,52","1688,52"," 37 годишната жена научава от интернет,"
"1688,52","1690,52", че кучетата много успокояват агресивни деца.
"1690,52","1692,52"," По тази причина,"
"1692,52","1694,52"," тя решава все пак да изпълни желанието на дъщеря си,"
"1694,52","1696,52", докато приятелят ѝ е в командировка.
"1696,52","1698,52", Идеята за дъщеря си е да се сърване
"1698,52","1700,52"," с дъщерите си,"
"1700,52","1702,52"," а въпреки това,"
"1702,52","1704,52", да се сърване с дъщерите си.
"1704,52","1706,52", Идеята за кучето ми се створи много добра.
"1706,52","1708,52", Те са много мили животни.
"1708,52","1710,52"," Мисля, че на Велина"
"1710,52","1712,52", ще си отрази много добре.
"1712,52","1714,52", Разговарях с Николай
"1714,52","1716,52", по повод алергията му.
"1716,52","1718,52"," Тествали са го последно,"
"1718,52","1720,52", когато е бил на 8 годинки
"1720,52","1722,52"," и мисля, че"
"1722,52","1724,52", няма да направи и алергия.
"1730,52","1732,52", Вечеринка на Ричи
"1732,52","1734,52", Вечеринка на Ричи
"1734,52","1736,52", Вечеринка на Ричи
"1736,52","1738,52", Вечеринка на Ричи
"1738,52","1740,52", Това е Ричи на 8 месеце.
"1740,52","1742,52"," Много е спокоен, кротък, добричък."
"1742,52","1744,52", Много е сладък.
"1744,52","1746,52"," Почистили сме го, изкъпали сме го."
"1746,52","1748,52"," В бъдеще, ако решите, че"
"1748,52","1750,52"," не може да се грижите за него,"
"1750,52","1752,52", обязателно ни наслабедете.
"1752,52","1754,52", Правим внезапни проверки също така.
"1754,52","1756,52"," Ако няма достатъчно грижа за него,"
"1756,52","1758,52", ще ви го отнемем.
"1758,52","1760,52", Споверете.
"1760,52","1762,52", Споверете.
"1762,52","1764,52"," Е, Ричи, да видим"
"1764,52","1766,52", Вени какво ще каже за теб.
"1766,52","1768,52"," Малко ми е съвестно,"
"1768,52","1770,52"," че взех кучето без да кажа на Тео,"
"1770,52","1772,52"," но дъщеря ми го искаше, бях и го обещала,"
"1772,52","1774,52", но се надявам на Ники
"1774,52","1776,52", да не му стане нищо.
"1778,52","1780,52"," Когато майка й се прибира с кученцето,"
"1780,52","1782,52", Велина изпада в истинска елфория.
"1782,52","1784,52", Тя най-накрая
"1784,52","1786,52", изглежда истински щастлива.
"1786,52","1788,52", Николай обаче не е толкова очарован
"1788,52","1790,52", от изненадата.
"1790,52","1792,52", Какво има куче тук?
"1792,52","1794,52"," И това е Ричи, го взехме от приюта за животни."
"1794,52","1796,52", Ще живее при нас.
"1796,52","1798,52", Ти какво? Чакаш е татко да замине
"1798,52","1800,52"," и всякато замина, веднага се възползва"
"1800,52","1802,52", и за куче.
"1802,52","1804,52"," Нали знаеш, че аз съм алергичен към животински косми."
"1804,52","1806,52", Още сега ще му се обадя.
"1806,52","1808,52"," Не, не, не, миличък, няма такова нещо."
"1808,52","1810,52", Чуй какво ще кажеш.
"1810,52","1812,52", Нека да остане Ричи при нас.
"1812,52","1814,52"," Ако случайно се появи някаква алергия,"
"1814,52","1816,52", ще го върнем.
"1816,52","1818,52", Аз и Велина ще си го гледаме.
"1818,52","1820,52", А и Често ще ти почисваме стаята.
"1820,52","1822,52", Добре.
"1822,52","1824,52", Става.
"1824,52","1826,52"," Но само гледай да не получи обрех,"
"1826,52","1828,52"," защото получа ли, ти ще си виновна"
"1828,52","1830,52", и връщаш кучето.
"1830,52","1832,52", Нищо няма да ти стане.
"1832,52","1834,52"," Не се обадих на татко,"
"1834,52","1836,52", понеже кучето наистина е сладко.
"1836,52","1838,52"," Много е тъпо, чия му алергия."
"1838,52","1840,52", Аз все пак обичам кучетата.
"1840,52","1842,52"," Може тази алергия вече да учмяла,"
"1842,52","1844,52", кой знае.
"1844,52","1846,52"," Радвам се, че Ник и даде шанс на кучето."
"1846,52","1848,52"," Надявам се, дъщеря ми да го оцени."
"1848,52","1850,52"," Кой знае, пък може да си"
"1850,52","1852,52", с приятелят покрай Ричи.
"1858,52","1860,52", Няколко часа по-късно.
"1860,52","1862,52", Лиляна не е на себе си от притеснение.
"1862,52","1864,52"," След като кучето ляга в леглото му,"
"1864,52","1866,52", Николай получава алергична реакция
"1866,52","1868,52", и тя го закарва в бърза помощ.
"1872,52","1874,52", Къде е Николай?
"1874,52","1876,52", Добре. Вътре лекарят го преглежда.
"1876,52","1878,52"," Съжалявам, че се получи така."
"1878,52","1880,52", Въобще не искам да те слушам.
"1880,52","1882,52", Как може да го допуснеш?
"1882,52","1884,52"," Много добре знаеш, че има алергия."
"1884,52","1886,52"," Но аз си помнят, че е преминала тази алергия."
"1886,52","1888,52"," Помислила си, съжаляваш."
"1888,52","1890,52", Заради пещевките на дъщерят и детето ми е в болница.
"1890,52","1892,52", До кога ще продължава тя да ни тормози?
"1892,52","1894,52", Съжалявам много.
"1894,52","1896,52"," Всеки нещо има граници, Лиля."
"1896,52","1898,52", Това съм го чувал и преди.
"1898,52","1900,52", Нищо не се променя.
"1900,52","1902,52", Не мога да позволя повече Ник и да страда.
"1902,52","1904,52"," Искам да кажа, Лили, ти продължаваш да не разбираш."
"1904,52","1906,52", Взай куче детето ми е в болница.
"1906,52","1908,52"," Съжалявам, но не ми оставаш избор."
"1908,52","1910,52", Изнасям се от вас.
"1910,52","1912,52"," Искаш да кажеш, че ще ме изоставиш, заради това, че съм взела едно куче?"
"1912,52","1914,52"," По-добре, аз си тръгвай. Няма за какво да говорим повече."
"1914,52","1916,52", Не мога да живея повече така.
"1916,52","1918,52", Последно трябва да се съобразявам с онази малка Лигла.
"1918,52","1920,52"," Дори аз да свикна някога с нея,"
"1920,52","1922,52", не мога да мъча Ник и повече.
"1922,52","1924,52"," Когато те изложиха живота му на риск,"
"1924,52","1926,52", не мога да им го простя това нещо.
"1926,52","1928,52", Живота ми се срути пред очите ми.
"1928,52","1930,52", Велина не беше въобще виновна.
"1930,52","1932,52", Аз съм аз бях виновна.
"1932,52","1934,52", Не трябваше да взимам това куче.
"1934,52","1936,52", Теодор беше напълно прав.
"1936,52","1938,52", Провалих се.
"1942,52","1944,52"," Още на следващата сутрин,"
"1944,52","1946,52", Теодор се изнася от дома на Лилиана.
"1946,52","1948,52"," Той и Николай временно ще живеят при майка му,"
"1948,52","1950,52", докато си намерят жилище.
"1952,52","1954,52"," Тео, Тео,"
"1954,52","1956,52", моля ти се да размислиш.
"1956,52","1958,52"," Ще кажа на Велина, че не мога да задържим кучето."
"1958,52","1960,52", Моля ти да не си тръгвам.
"1960,52","1962,52"," Лили, обещавай ми, че ще говориш с дъщерята"
"1962,52","1964,52", и ще се наложиш.
"1964,52","1966,52", Какво стана? Нищо.
"1966,52","1968,52", Провели ли се нещо? Не.
"1968,52","1970,52", Така че съжалявам.
"1970,52","1972,52"," Моля ти се, не го прави."
"1972,52","1974,52"," Извинявай, пречеш ми си на това, ръбегач."
"1974,52","1976,52"," Моля ти се, остани."
"1976,52","1978,52", Чакай малко.
"1978,52","1980,52"," Мисля, че разговора ни приключи."
"1982,52","1984,52", Всичко хубаво ти взема.
"1984,52","1986,52", Чао.
"2006,52","2008,52"," Много ме заболява, защото"
"2008,52","2010,52"," наистина обичам Лилиана, но"
"2010,52","2012,52", трябваше да сложа край на този кошумар.
"2012,52","2014,52"," Аз знам, че тя върши всичко с добри намерения"
"2014,52","2016,52"," и повечето грешки идват от това, че е прекленена добра,"
"2016,52","2018,52", но по този начин не прави добра
"2018,52","2020,52", услуга на дъщеря си и аз трябваше
"2020,52","2022,52", да сложа край на това.
"2022,52","2024,52"," Като видях, че Тео си тръгва,"
"2024,52","2026,52"," разбрах, че всичко приключи."
"2026,52","2028,52"," Не съм се чувствала така, откакто ни заряза"
"2028,52","2030,52", бащата на Велина.
"2030,52","2032,52", Но сега аз сама съм си вина.
"2032,52","2034,52"," Лилиана е много разстроена,"
"2034,52","2036,52", след като Теодор слага край на връзката им
"2036,52","2038,52", и се изнася с сина си.
"2038,52","2040,52"," След една безсънна нощ,"
"2040,52","2042,52", тя взима категорично решение.
"2042,52","2044,52", 37 годишната жена смята да се наложи
"2044,52","2046,52", на дъщеря си
"2046,52","2048,52", и по този начин да си върне доверието
"2048,52","2050,52", на своя приятел.
"2050,52","2052,52", Какво ти е? Защо си кисела?
"2052,52","2054,52", Заради Тео и Ники.
"2054,52","2056,52"," Е, какво? Нали си изнесоха?"
"2056,52","2058,52", Сега ще си живеем супер!
"2058,52","2060,52"," Е, не дей така. Не всичко се върти около теб."
"2060,52","2062,52", Трябва да помислиш малко и за мен.
"2062,52","2064,52", Аз обичам Тео.
"2064,52","2066,52", И какво сега?
"2066,52","2068,52"," Еми, те не си изнесоха заради тя."
"2068,52","2070,52", Те си изнесоха заради мен и заради кучето.
"2070,52","2072,52"," Еми, именно. Кучето е проблема."
"2072,52","2074,52"," Но Тео никога няма да се върне,"
"2074,52","2076,52", докато кучето е тук.
"2076,52","2078,52", И аз имам друго решение.
"2078,52","2080,52", Говорих с
"2080,52","2082,52", комшиката Сашка.
"2082,52","2084,52", Тя ще гледа кучето.
"2084,52","2086,52"," Не, не! Няма да ми вземеш кучето!"
"2086,52","2088,52", Няма! Няма да ми вземеш ричи!
"2088,52","2090,52"," Ей момиче, разбери ме."
"2090,52","2092,52", Не дей да ми се налагаш.
"2092,52","2094,52"," От днес нататък ще правиш това,"
"2094,52","2096,52", което аз ти казвам.
"2096,52","2098,52"," Като за начало,"
"2098,52","2100,52", ще взема ричи...
"2100,52","2102,52"," Не, моля те, мамо!"
"2102,52","2104,52", И ти повече няма да го гледаш.
"2104,52","2106,52"," Не, моля те, само не кучето!"
"2106,52","2108,52", Съжалявам!
"2108,52","2110,52"," Не, не, не кучето!"
"2110,52","2112,52"," Не, не дей, мамо!"
"2112,52","2114,52", Не кучето!
"2114,52","2116,52", Не ми беше лесно да я крещя.
"2116,52","2118,52", Направих го за първи път.
"2118,52","2120,52", Тя много се стресна.
"2120,52","2122,52", Но ще трябва да заведа ричи
"2122,52","2124,52", при съседката.
"2124,52","2126,52", Майка ми направо беше пообясняла.
"2126,52","2128,52", Много се изплаших и ни не че нямаше
"2128,52","2130,52", никога да й дам кучето.
"2130,52","2132,52", Но това пак стана заради Теодор и Никола
"2132,52","2134,52", и вече още повече ги мразя.
"2134,52","2136,52", Да дадеш куче на дете
"2136,52","2138,52", и след това да му го отнемеш
"2138,52","2140,52", е много гадна постъпка.
"2140,52","2142,52"," Мисля си, че Велина никога няма да ми прости,"
"2142,52","2144,52", нито аз ще си го простия.
"2144,52","2146,52", Не трябваше да взимам това куче.
"2146,52","2148,52", Оставих се да ме манипулира Велина.
"2148,52","2150,52", Просто не помислих за последствията
"2150,52","2152,52", и се случиха много лоши неща.
"2152,52","2154,52"," Велина е била възможността,"
"2154,52","2156,52", която е била възможността.
"2156,52","2158,52", Два дни по-късно
"2158,52","2160,52", Лиляна успява да обеди Велина
"2160,52","2162,52", да дойде с нея на консултация при психолог
"2162,52","2164,52", в комплекса за социални услуги.
"2164,52","2166,52", 37 годишната майка
"2166,52","2168,52"," признава, че има нужда от помощ"
"2168,52","2170,52", за възпитанието на дъщеря си.
"2172,52","2174,52"," Велина, какво смяташ?"
"2174,52","2176,52"," Фактът е, че ти е тук?"
"2176,52","2178,52", Значи това е положително от твоя страна.
"2178,52","2180,52", Съгласила си се да дойдеш.
"2180,52","2182,52"," О, не, това е решение на майка ми."
"2182,52","2184,52", Аз не исках да съм тук.
"2184,52","2186,52"," Е, е, е."
"2186,52","2188,52"," Оценявам жестът, че съгласи да дойдеш,"
"2188,52","2190,52", което е много похвалено за теб.
"2190,52","2192,52"," Много си ядосна,"
"2192,52","2194,52", то се вижда. Няма как да не си ядосна.
"2194,52","2196,52"," Нарушава ти комфорта в къщи,"
"2196,52","2198,52", но няма как да не се случи.
"2198,52","2200,52"," О, не, не."
"2200,52","2202,52", Няма за какво да си вървам аз и тръгвам си.
"2202,52","2204,52"," Ей, момиче, сядай тук."
"2204,52","2206,52", Сега не ще решим проблем.
"2206,52","2208,52"," Велина, какво те притеснява?"
"2208,52","2210,52"," Еми, какво ме притеснява?"
"2210,52","2212,52", Тя ме мисли за луда.
"2212,52","2214,52", Тя да си ходи на психолог.
"2214,52","2216,52"," Слушай, к'во мери си при к'в момент?"
"2216,52","2218,52", Каква е причината? Как смеяташ?
"2218,52","2220,52"," Еми, откакто се нанесоха тези двамата,"
"2220,52","2222,52", майка ми е станала различен човек.
"2222,52","2224,52"," Добре, е също."
"2224,52","2226,52"," Да, да, спокоен."
"2226,52","2228,52", Проблема е назрял. Ще го разрешиме.
"2228,52","2230,52", Нека първо за секунда ме изчаки да задам на майка ти
"2230,52","2232,52"," два въпроса относно твоето детство,"
"2232,52","2234,52"," за да освободя да отиде при консултанта,"
"2234,52","2236,52", за да не го веже време по-късно
"2236,52","2238,52", ти пък да я чакаш.
"2238,52","2240,52", Девчината Юлия Генчева задава няколко въпроса на Лиляна
"2240,52","2242,52", за детството на дъщеря й.
"2242,52","2244,52", После Лиляна ги оставя да си поговорят насаме.
"2248,52","2250,52"," Добре, отойдете при консултанта в първата врата в Яго."
"2250,52","2252,52", Добре.
"2252,52","2254,52", Сега пък с нея ще продължим.
"2254,52","2256,52", Ще ни изчакате в коридора по свършен по-рано.
"2256,52","2258,52"," Добре, даде ми маличка,"
"2258,52","2260,52", спокоено ще се разрешат нещата.
"2260,52","2262,52", Именно за това си тук дошла.
"2262,52","2264,52"," Няма как. Ти си разочарована, ядосана,"
"2264,52","2266,52", но това е...
"2266,52","2268,52"," случва се в всяко ново,"
"2268,52","2270,52", нов семейство българско едва ли не е.
"2270,52","2272,52", Такава трудна възраст и синейджерска.
"2272,52","2274,52"," Не, тя си нареже живота както иска"
"2274,52","2276,52"," и въобще не ме пита,"
"2276,52","2278,52", не се интересува от моето мнение.
"2278,52","2280,52"," Така, ако е спокоено."
"2280,52","2282,52"," А не се ли чувстваш, че малко я го иска спрямо майка ти?"
"2282,52","2284,52", Тя като гледам как се притеснява
"2284,52","2286,52", и те доведе тук.
"2286,52","2288,52"," Не, въобще не е хубаво да живееш с толкова много различни хора."
"2288,52","2290,52", И майка ми въобще
"2290,52","2292,52", вече не ми обръща внимание.
"2292,52","2294,52", Карам и се просто не мога да издържам вкъщи.
"2294,52","2296,52"," Това са проблеми, които"
"2296,52","2298,52", трябва да се разрешат
"2298,52","2300,52", и не може да стане си разговор.
"2300,52","2302,52", Предлагам ти да правим така.
"2302,52","2304,52"," Майка ти ще идва при консултанта, когато тя е при него."
"2304,52","2306,52"," Ти да идваш при мен, ще се срещаме,"
"2306,52","2308,52", ще поговорим и ще загладим нещата.
"2308,52","2310,52", То от един път няма как да стане.
"2310,52","2312,52"," Фактът е, че Велина дойде днес,"
"2312,52","2314,52"," разговаряхме,"
"2314,52","2316,52"," разказа за проблемите си вкъщи,"
"2316,52","2318,52"," това, което тя турмози,"
"2318,52","2320,52", притесненията.
"2320,52","2322,52"," Малко е буйна, но в тинейджерски години"
"2322,52","2324,52", се наблюдава.
"2324,52","2326,52"," Така че единството нещо,"
"2326,52","2328,52", което искам от тях е да работим
"2328,52","2330,52", заедно съвместно и майката да ми информира
"2330,52","2332,52"," какво се случва вкъщи,"
"2332,52","2334,52"," за да получа обратната връзка, как съм стигнала"
"2334,52","2336,52", и докъде да продължа с нея
"2336,52","2338,52"," и какви неща да предприема,"
"2338,52","2340,52", като специалист и психолог.
"2340,52","2342,52"," Гордея се за себе си, че се наложих на Велина"
"2342,52","2344,52", да дойде с мене.
"2344,52","2346,52"," Трябваше да ѝ кажа, че ще изема компютъра,"
"2346,52","2348,52", за да дойде.
"2348,52","2350,52"," И оказа се, че това действа добре."
"2350,52","2352,52"," Много се ядосах на майка ми,"
"2352,52","2354,52", че ме доведе тук.
"2354,52","2356,52", Все пак аз не съм луда.
"2356,52","2358,52"," Обаче ми хареса това, че мога да споделя"
"2358,52","2360,52", за проблемите ми с тези навлици вкъщи
"2360,52","2362,52", и се почувствах по-добре.
"2368,52","2370,52", Една седмица по-късно
"2370,52","2372,52", Лиляна се среща с Теодор.
"2372,52","2374,52"," Двамата не са се виждали,"
"2374,52","2376,52", откакто Теодор се изнася от нейното жилище.
"2376,52","2378,52", Много ни липсва.
"2378,52","2380,52", Тискам да се върнете обратно вкъщи.
"2380,52","2382,52", И ти ни липсваш.
"2382,52","2384,52"," Искам да ти кажа, че"
"2384,52","2386,52", кучето го няма вече.
"2386,52","2388,52", И косът не е останал от него вкъщи.
"2388,52","2390,52"," Лили, много добре знаеш, че проблема не е само в кучето."
"2390,52","2392,52", Аз и Мики не мога да издържаме
"2392,52","2394,52", изтричите пристъпи на Лилина.
"2394,52","2396,52", Тя ги овладява тези
"2396,52","2398,52"," пристъпи, които казваш."
"2398,52","2400,52", Един по седмицата дори ходиме на терапия.
"2400,52","2402,52"," Моля ти се,"
"2402,52","2404,52"," дай ми шанс да ти покажа, че сме се"
"2404,52","2406,52", оправили.
"2406,52","2408,52"," Може би, но няма да е сега."
"2408,52","2410,52", А кога?
"2410,52","2412,52", Дали ден ден искам да се караме.
"2412,52","2414,52", Прими решението.
"2414,52","2416,52", Сега трябва да ставам.
"2416,52","2418,52", Ще се чуем пак с теб.
"2418,52","2420,52", Защо поступаш сега така?
"2420,52","2422,52"," Лили, чао. Трябва да ти желая."
"2422,52","2424,52", Какво правиш?
"2426,52","2428,52", Не е честно.
"2428,52","2430,52", Какво иска Телдор?
"2430,52","2432,52", Прави всичко по силите си.
"2432,52","2434,52"," Ако не иска да е с мен, по-добре да ми го каже."
"2434,52","2436,52", Аз наистина обичам Лилиана
"2436,52","2438,52", и не мога да крия чувствата си.
"2438,52","2440,52", Въпреки това в момента не желая да живея в тях.
"2440,52","2442,52", Трябва да помисля за себе си и за сина си.
"2442,52","2444,52"," Но от друга страна,"
"2444,52","2446,52"," ако дъщеря си промени държанието,"
"2446,52","2448,52", може да опитаме отново.
"2448,52","2450,52", Три месеца по-късно.
"2450,52","2452,52", Телдор и Лилиана пазаруват заедно за вечеря.
"2452,52","2454,52"," Двамата отново са заедно,"
"2454,52","2456,52", въпреки че продължават да живеят разделени.
"2456,52","2458,52", Децата са малко навън
"2458,52","2460,52", и ние с Телдор решихме
"2460,52","2462,52", да си направим една вкусна вечеря
"2462,52","2464,52", и да пием малко вино.
"2464,52","2466,52"," Николай е на екскурсия с класа,"
"2466,52","2468,52"," Велина е навън с приятели,"
"2468,52","2470,52", така че няма да има кое да ни притеснява.
"2472,52","2474,52"," Ало,"
"2474,52","2476,52"," да маме,"
"2476,52","2478,52"," добре, като свърши филмът,"
"2478,52","2480,52"," ми се убади,"
"2480,52","2482,52", ще дойдем да те вземем с колата.
"2482,52","2484,52"," Хайде, чао."
"2484,52","2486,52", Велина ли беше?
"2486,52","2488,52"," Да, Велина беше."
"2488,52","2490,52"," Велина отида на кино с новият си приятел,"
"2490,52","2492,52", Алекс. Тя се чувства много добре в неговата компания
"2492,52","2494,52", и той влияе много добре.
"2494,52","2496,52"," Да, но поне той успее да окорти опорничевата."
"2496,52","2498,52", Надявам се.
"2502,52","2504,52"," Много се радвам, че се събрахме."
"2504,52","2506,52"," Няма значение, че не живеем заедно."
"2506,52","2508,52", С Велина продължаваме да ходим на терапия.
"2508,52","2510,52", Тя се чувства много добре.
"2510,52","2512,52", Стана по-спокойна.
"2512,52","2514,52", От време на време започва да крещи.
"2514,52","2516,52"," Обаче, вече аз знам как да реагирам."
"2516,52","2518,52"," Много се радвам, че Лилияна успея да се справи с достъряси."
"2518,52","2520,52", Велина и Николай вече не се карат.
"2520,52","2522,52"," Те може би няма да станат приятели никога,"
"2522,52","2524,52", но поне вече не се карат и се разбират.
"2524,52","2526,52", Психолошката се оказа доста държавна.
"2526,52","2528,52", Успея да ме разбере.
"2528,52","2530,52", Задаваше много въпроси.
"2530,52","2532,52", Играхме на различни игри.
"2532,52","2534,52"," Но в крайна сметка всичко се оказа, че е от беста ми бил."
"2534,52","2536,52"," Аз съм много манкал, когато той се е заминал."
"2536,52","2538,52", И това ми се е отразило зле на характера.
"2538,52","2540,52", Но мама няма вина за това.
"2540,52","2542,52", За това ще се държа по-добре с нея.
"2556,52","2562,52", СЕБЕ ДОБРА МАЙКА
"2562,52","2564,52"," В желанието си да бъде добра майка,"
"2564,52","2566,52", една жена прекалено много разглезва дъщеря си
"2566,52","2568,52", и я превръща в завършен егоист.
"2568,52","2570,52"," Нещо, което едва не проваля връзката и с любимия човек."
"2570,52","2574,52"," Слава Богу, Лиляна навреме осъзнава грешките си"
"2574,52","2576,52", и започва да се държи като истински родител.
"2576,52","2578,52", С много усилия
"2578,52","2580,52", майка и дъщеря успяват да излекуват раните от миналото.
"2580,52","2582,52", Възможно е да се върнат и да се подкрепят.
"2582,52","2584,52"," А колкото до кучето Ричи,"
"2584,52","2586,52"," откакто си има нов приятел,"
"2586,52","2588,52", Велина рядко намира време да го вижда.
"2612,52","2622,52", Абонирайте се!